<?xml version="1.0" encoding="UTF-8"?>
<config xmlns="http://www.knime.org/2008/09/XMLConfig" xmlns:xsi="http://www.w3.org/2001/XMLSchema-instance" xsi:schemaLocation="http://www.knime.org/2008/09/XMLConfig http://www.knime.org/XMLConfig_2008_09.xsd" key="MiningSchema">
    <config key="learning">
        <entry key="array-size" type="xint" value="10"/>
        <entry key="0" type="xstring" value="lat"/>
        <entry key="1" type="xstring" value="long"/>
        <entry key="2" type="xstring" value="id_photo"/>
        <entry key="3" type="xstring" value="date_taken_year"/>
        <entry key="4" type="xstring" value="date_taken_quarter"/>
        <entry key="5" type="xstring" value="date_taken_month"/>
        <entry key="6" type="xstring" value="date_taken_day_of_month"/>
        <entry key="7" type="xstring" value="date_taken_day_of_week"/>
        <entry key="8" type="xstring" value="date_taken_day_of_year"/>
        <entry key="9" type="xstring" value="date_taken_week_of_year"/>
    </config>
    <config key="target">
        <entry key="array-size" type="xint" value="0"/>
    </config>
</config>
